"Address","Occurrences","Title 1","Title 1 Length","Title 1 Pixel Width","Indexability","Indexability Status"
"https://taxisaudiarabia.com/","1","Taxi Service Saudi Arabia — Book Airport Transfer & Umrah Taxi | Fixed Prices 24/7","82","730","Indexable",""
"https://taxisaudiarabia.com/pricing","1","Taxi Fares & Fixed Prices in Saudi Arabia 2026 | Taxi Saudi Arabia","66","577","Indexable",""
"https://taxisaudiarabia.com/services/madinah-ziyarat","1","Madinah Ziyarat Packages & Taxi Tours | Taxi Saudi Arabia","57","517","Indexable",""
"https://taxisaudiarabia.com/locations/riyadh","1","Taxi in Riyadh | Airport & Intercity — Taxi Saudi Arabia","56","469","Indexable",""
"https://taxisaudiarabia.com/locations/taif","1","Taxi in Taif | Airport & Intercity — Taxi Saudi Arabia","54","444","Indexable",""
"https://taxisaudiarabia.com/services/airport-transfers","1","Airport Taxi Saudi Arabia | Jeddah, Riyadh & Madinah Pickups","60","543","Indexable",""
"https://taxisaudiarabia.com/locations/madinah","1","Taxi in Madinah | Airport & Intercity — Taxi Saudi Arabia","57","487","Indexable",""
"https://taxisaudiarabia.com/terms-conditions","1","Terms & Conditions | Taxi Saudi Arabia","38","343","Indexable",""
"https://taxisaudiarabia.com/locations/alula","1","Taxi in AlUla | Airport & Intercity — Taxi Saudi Arabia","55","456","Indexable",""
"https://taxisaudiarabia.com/guides/saudi-riyal-pilgrim-guide","1","Saudi Riyal Cash & Card Tips for Pilgrims | Taxi Saudi Arabia","61","527","Indexable",""
"https://taxisaudiarabia.com/locations/abha","1","Taxi in Abha | Airport & Intercity — Taxi Saudi Arabia","54","457","Indexable",""
"https://taxisaudiarabia.com/locations/neom","1","Taxi in NEOM | Airport & Intercity — Taxi Saudi Arabia","54","467","Indexable",""
"https://taxisaudiarabia.com/driver-jobs","1","Taxi & Chauffeur Driver Jobs in Saudi Arabia | Apply by City — Taxi Saudi Arabia","80","697","Indexable",""
"https://taxisaudiarabia.com/locations/alkhobar","1","Taxi in Al Khobar | Airport & Intercity — Taxi Saudi Arabia","59","497","Indexable",""
"https://taxisaudiarabia.com/routes/madinah-to-jeddah-airport","1","Taxi Madinah to Jeddah Airport — From SAR 380 | Taxi Saudi Arabia","65","599","Indexable",""
"https://taxisaudiarabia.com/privacy-policy","1","Privacy Policy | Taxi Saudi Arabia","34","291","Indexable",""
"https://taxisaudiarabia.com/locations/yanbu","1","Taxi in Yanbu | Airport & Intercity — Taxi Saudi Arabia","55","467","Indexable",""
"https://taxisaudiarabia.com/guides","1","Saudi Arabia Travel & Umrah Taxi Guides | Taxi Saudi Arabia","59","528","Indexable",""
"https://taxisaudiarabia.com/routes/riyadh-to-dammam","1","Taxi Riyadh to Dammam — From SAR 300 | Taxi Saudi Arabia","56","535","Indexable",""
"https://taxisaudiarabia.com/partners/driver-registration","1","Chauffeur Partner Registration | Taxi Saudi Arabia","50","438","Non-Indexable","noindex"
"https://taxisaudiarabia.com/services","1","Taxi & Transfer Services in Saudi Arabia | Taxi Saudi Arabia","60","519","Indexable",""
"https://taxisaudiarabia.com/services/car-recovery","1","Car Recovery Saudi Arabia | 24/7 Tow Truck & Flatbed Satha (سطحة)","65","585","Indexable",""
"https://taxisaudiarabia.com/services/intercity","1","Intercity Taxi Saudi Arabia | Long-Distance City Transfers","58","501","Indexable",""
"https://taxisaudiarabia.com/gallery","1","Fleet Gallery — Luxury Taxis & Chauffeur Cars | Taxi Saudi Arabia","65","569","Indexable",""
"https://taxisaudiarabia.com/book","1","Book Your Taxi Online | Taxi Saudi Arabia","41","363","Non-Indexable","noindex"
"https://taxisaudiarabia.com/services/makkah-ziyarat","1","Makkah Ziyarat Taxi Tours | Jabal Al-Noor, Mina & Arafat","56","497","Indexable",""
"https://taxisaudiarabia.com/routes","1","Taxi Routes in Saudi Arabia | Fixed Prices — Taxi Saudi Arabia","62","542","Indexable",""
"https://taxisaudiarabia.com/routes/riyadh-to-dubai","1","Taxi Riyadh to Dubai, UAE — From SAR 1200 | Taxi Saudi Arabia","61","557","Indexable",""
"https://taxisaudiarabia.com/services/umrah-transport","1","Umrah Taxi Service | Jeddah to Makkah & Madinah Transfers","57","537","Indexable",""
"https://taxisaudiarabia.com/partners","1","Corporate & Travel Partner Program | Taxi Saudi Arabia","54","485","Indexable",""
"https://taxisaudiarabia.com/faq","1","Frequently Asked Questions — Booking, Fares & Umrah | Taxi Saudi Arabia","71","653","Indexable",""
"https://taxisaudiarabia.com/routes/jeddah-airport-to-makkah","1","Taxi Jeddah Airport to Makkah — From SAR 180 | Taxi Saudi Arabia","64","591","Indexable",""
"https://taxisaudiarabia.com/guides/meeqat-locations","1","Complete Meeqat Locations Guide for Umrah | Taxi Saudi Arabia","61","567","Indexable",""
"https://taxisaudiarabia.com/locations/makkah","1","Taxi in Makkah | Airport & Intercity — Taxi Saudi Arabia","56","480","Indexable",""
"https://taxisaudiarabia.com/routes/makkah-to-madinah","1","Taxi Makkah to Madinah — From SAR 350 | Taxi Saudi Arabia","57","537","Indexable",""
"https://taxisaudiarabia.com/locations","1","Taxi Service by City Across Saudi Arabia | Taxi Saudi Arabia","60","523","Indexable",""
"https://taxisaudiarabia.com/routes/riyadh-to-makkah","1","Taxi Riyadh to Makkah — From SAR 550 | Taxi Saudi Arabia","56","519","Indexable",""
"https://taxisaudiarabia.com/fleet","1","Taxi Fleet for Hire — Sedans, SUVs, Vans & Buses | Taxi Saudi Arabia","68","601","Indexable",""
"https://taxisaudiarabia.com/services/corporate","1","Corporate Taxi Accounts & B2B Transport | Taxi Saudi Arabia","59","539","Indexable",""
"https://taxisaudiarabia.com/routes/dammam-to-doha","1","Taxi Dammam to Doha, Qatar — From SAR 500 | Taxi Saudi Arabia","61","580","Indexable",""
"https://taxisaudiarabia.com/locations/dammam","1","Taxi in Dammam | Airport & Intercity — Taxi Saudi Arabia","56","497","Indexable",""
"https://taxisaudiarabia.com/guides/jeddah-airport-sim-card","1","SIM Card Guide at Jeddah Airport | Taxi Saudi Arabia","52","464","Indexable",""
"https://taxisaudiarabia.com/services/border-crossings","1","GCC Cross-Border Taxi | Saudi to Bahrain, UAE, Qatar & Kuwait","61","549","Indexable",""
"https://taxisaudiarabia.com/track-booking","1","Track Your Booking | Taxi Saudi Arabia","38","341","Non-Indexable","noindex"
"https://taxisaudiarabia.com/about","1","About Us — Licensed Drivers & Fixed-Price Taxis | Taxi Saudi Arabia","67","593","Indexable",""
"https://taxisaudiarabia.com/routes/jeddah-to-madinah","1","Taxi Jeddah to Madinah — From SAR 350 | Taxi Saudi Arabia","57","533","Indexable",""
"https://taxisaudiarabia.com/blog","1","Taxi Saudi Arabia Blog | Travel Tips, News & Guides","51","452","Indexable",""
"https://taxisaudiarabia.com/locations/jeddah","1","Taxi in Jeddah | Airport & Intercity — Taxi Saudi Arabia","56","477","Indexable",""
"https://taxisaudiarabia.com/contact","1","Contact & 24/7 Booking Desk | Taxi Saudi Arabia","47","429","Indexable",""
"https://taxisaudiarabia.com/routes/riyadh-to-jeddah","1","Taxi Riyadh to Jeddah — From SAR 600 | Taxi Saudi Arabia","56","515","Indexable",""
"https://taxisaudiarabia.com/blog/riyadh-to-dubai-taxi-gcc-road-trip","1","Riyadh to Dubai by Taxi: The 1,000km GCC Road Trip | Taxi Saudi Arabia Blog","75","677","Indexable",""
"https://taxisaudiarabia.com/driver-jobs/taif","1","Driver Jobs in Taif | Taxi & Chauffeur Jobs — Taxi Saudi Arabia","63","549","Indexable",""
"https://taxisaudiarabia.com/guides/miqat-jeddah-makkah","1","Miqat & Ihram When Arriving via Jeddah (Step-by-Step) | Taxi Saudi Arabia","73","653","Indexable",""
"https://taxisaudiarabia.com/routes/tabuk-airport-to-neom","1","Taxi Tabuk Airport to NEOM — From SAR 200 | Taxi Saudi Arabia","61","567","Indexable",""
"https://taxisaudiarabia.com/driver-jobs/jeddah","1","Driver Jobs in Jeddah | Taxi & Chauffeur Jobs — Taxi Saudi Arabia","65","582","Indexable",""
"https://taxisaudiarabia.com/blog/jeddah-to-madinah-taxi-guide-fares","1","Jeddah to Madinah Taxi: Full Guide, Fares & Travel Tips | Taxi Saudi Arabia Blog","80","701","Indexable",""
"https://taxisaudiarabia.com/routes/jeddah-to-riyadh","1","Taxi Jeddah to Riyadh — From SAR 600 | Taxi Saudi Arabia","56","515","Indexable",""
"https://taxisaudiarabia.com/routes/makkah-to-kaec","1","Taxi Makkah to KAEC — From SAR 250 | Taxi Saudi Arabia","54","510","Indexable",""
"https://taxisaudiarabia.com/driver-jobs/jubail","1","Driver Jobs in Jubail | Taxi & Chauffeur Jobs — Taxi Saudi Arabia","65","569","Indexable",""
"https://taxisaudiarabia.com/routes/jeddah-to-kaec","1","Taxi Jeddah to KAEC — From SAR 200 | Taxi Saudi Arabia","54","507","Indexable",""
"https://taxisaudiarabia.com/routes/makkah-to-madinah-airport","1","Taxi Makkah to Madinah Airport — From SAR 400 | Taxi Saudi Arabia","65","602","Indexable",""
"https://taxisaudiarabia.com/driver-jobs/riyadh","1","Driver Jobs in Riyadh | Taxi & Chauffeur Jobs — Taxi Saudi Arabia","65","575","Indexable",""
"https://taxisaudiarabia.com/routes/madinah-to-alula","1","Taxi Madinah to AlUla — From SAR 400 | Taxi Saudi Arabia","56","513","Indexable",""
"https://taxisaudiarabia.com/routes/riyadh-to-alahsa","1","Taxi Riyadh to Al Ahsa — From SAR 280 | Taxi Saudi Arabia","57","517","Indexable",""
"https://taxisaudiarabia.com/routes/jeddah-airport-to-kaec","1","Taxi Jeddah Airport to KAEC — From SAR 180 | Taxi Saudi Arabia","62","572","Indexable",""
"https://taxisaudiarabia.com/blog/car-breakdown-saudi-highway-guide","1","Car Breakdown on a Saudi Highway? 7 Steps to Stay Safe and Get Recovered Fast | Taxi Saudi Arabia Blog","102","933","Indexable",""
"https://taxisaudiarabia.com/blog/corporate-travel-saudi-arabia-business-etiquette","1","Corporate Travel in Saudi Arabia: KSA Business Etiquette Guide | Taxi Saudi Arabia Blog","87","771","Indexable",""
"https://taxisaudiarabia.com/routes/madinah-airport-to-makkah","1","Taxi Madinah Airport to Makkah — From SAR 400 | Taxi Saudi Arabia","65","602","Indexable",""
"https://taxisaudiarabia.com/routes/jeddah-to-abha","1","Taxi Jeddah to Abha — From SAR 700 | Taxi Saudi Arabia","54","503","Indexable",""
"https://taxisaudiarabia.com/routes/riyadh-to-buraydah","1","Taxi Riyadh to Buraydah — From SAR 280 | Taxi Saudi Arabia","58","533","Indexable",""
"https://taxisaudiarabia.com/driver-jobs/dammam","1","Driver Jobs in Dammam | Taxi & Chauffeur Jobs — Taxi Saudi Arabia","65","602","Indexable",""
"https://taxisaudiarabia.com/routes/jeddah-airport-to-madinah","1","Taxi Jeddah Airport to Madinah — From SAR 380 | Taxi Saudi Arabia","65","599","Indexable",""
"https://taxisaudiarabia.com/routes/makkah-to-riyadh","1","Taxi Makkah to Riyadh — From SAR 550 | Taxi Saudi Arabia","56","519","Indexable",""
"https://taxisaudiarabia.com/guides/jeddah-airport-to-makkah-guide","1","Jeddah Airport to Makkah: Complete Transfer Guide (Taxi, Train & Bus) | Taxi Saudi Arabia","89","793","Indexable",""
"https://taxisaudiarabia.com/routes/makkah-to-taif","1","Taxi Makkah to Taif — From SAR 180 | Taxi Saudi Arabia","54","493","Indexable",""
"https://taxisaudiarabia.com/services/car-recovery/riyadh","1","Car Recovery Riyadh | 24/7 Tow Truck & Satha سطحة الرياض","56","505","Indexable",""
"https://taxisaudiarabia.com/routes/jeddah-to-taif","1","Taxi Jeddah to Taif — From SAR 200 | Taxi Saudi Arabia","54","490","Indexable",""
"https://taxisaudiarabia.com/driver-jobs/buraidah","1","Driver Jobs in Buraidah | Taxi & Chauffeur Jobs — Taxi Saudi Arabia","67","595","Indexable",""
"https://taxisaudiarabia.com/blog/riyadh-airport-ruh-taxi-guide","1","Riyadh Airport (RUH) Taxi Guide: To the City Center & Hotels | Taxi Saudi Arabia Blog","85","740","Indexable",""
"https://taxisaudiarabia.com/driver-jobs/madinah","1","Driver Jobs in Madinah | Taxi & Chauffeur Jobs — Taxi Saudi Arabia","66","593","Indexable",""
"https://taxisaudiarabia.com/routes/dammam-to-manama","1","Taxi Dammam to Manama, Bahrain — From SAR 200 | Taxi Saudi Arabia","65","631","Indexable",""
"https://taxisaudiarabia.com/fleet/hyundai-starex","1","Hyundai Starex Taxi Saudi Arabia | Family Van Transfer | Taxi Saudi Arabia","74","651","Indexable",""
"https://taxisaudiarabia.com/driver-jobs/al-qassim","1","Driver Jobs in Al-Qassim | Taxi & Chauffeur Jobs — Taxi Saudi Arabia","68","605","Indexable",""
"https://taxisaudiarabia.com/blog/taxi-cost-saudi-arabia-price-guide","1","How Much Does a Taxi Cost in Saudi Arabia? Full Price Guide (2026) | Taxi Saudi Arabia Blog","91","815","Indexable",""
"https://taxisaudiarabia.com/driver-jobs/hail","1","Driver Jobs in Hail | Taxi & Chauffeur Jobs — Taxi Saudi Arabia","63","549","Indexable",""
"https://taxisaudiarabia.com/blog/makkah-ziyarat-taxi-holy-sites-tour","1","Makkah Ziyarat by Taxi: Top Holy Sites to Visit (Half-Day Tour) | Taxi Saudi Arabia Blog","88","757","Indexable",""
"https://taxisaudiarabia.com/airports/king-abdulaziz-jeddah","1","Taxi from King Abdulaziz International Airport (JED) | Taxi Saudi Arabia","72","625","Indexable",""
"https://taxisaudiarabia.com/routes/jeddah-airport-to-taif","1","Taxi Jeddah Airport to Taif — From SAR 220 | Taxi Saudi Arabia","62","555","Indexable",""
"https://taxisaudiarabia.com/fleet/toyota-hiace","1","Toyota Hiace Taxi Saudi Arabia | Group Transport Transfer | Taxi Saudi Arabia","77","682","Indexable",""
"https://taxisaudiarabia.com/blog/buying-sim-cards-jeddah-airport-stc-mobily-zain","1","Buying SIM Cards at Jeddah Airport: STC vs Mobily vs Zain | Taxi Saudi Arabia Blog","82","731","Indexable",""
"https://taxisaudiarabia.com/routes/madinah-to-jeddah","1","Taxi Madinah to Jeddah — From SAR 350 | Taxi Saudi Arabia","57","533","Indexable",""
"https://taxisaudiarabia.com/fleet/hyundai-staria","1","Hyundai Staria VIP Taxi Saudi Arabia | VIP Van Transfer | Taxi Saudi Arabia","75","654","Indexable",""
"https://taxisaudiarabia.com/routes/alula-airport-to-resorts","1","Taxi AlUla Airport to AlUla Resorts — From SAR 150 | Taxi Saudi Arabia","70","619","Indexable",""
"https://taxisaudiarabia.com/routes/riyadh-to-doha","1","Taxi Riyadh to Doha, Qatar — From SAR 800 | Taxi Saudi Arabia","61","553","Indexable",""
"https://taxisaudiarabia.com/routes/riyadh-to-abudhabi","1","Taxi Riyadh to Abu Dhabi, UAE — From SAR 1100 | Taxi Saudi Arabia","65","598","Indexable",""
"https://taxisaudiarabia.com/blog/car-transport-between-saudi-cities","1","Transporting a Car Between Riyadh, Jeddah & Dammam: 2026 Complete Guide | Taxi Saudi Arabia Blog","96","909","Indexable",""
"https://taxisaudiarabia.com/blog/makkah-taxi-fares-cost-guide","1","Makkah Taxi Fares 2026: Costs to Jeddah, Madinah & Taif | Taxi Saudi Arabia Blog","80","725","Indexable",""
"https://taxisaudiarabia.com/blog/best-time-visit-makkah-crowds-weather-umrah","1","Best Time to Visit Makkah: Crowds, Weather & Umrah Seasons | Taxi Saudi Arabia Blog","83","765","Indexable",""
"https://taxisaudiarabia.com/fleet/genesis-g80","1","Genesis G80 VIP Taxi Saudi Arabia | Premium Sedan Transfer | Taxi Saudi Arabia","78","708","Indexable",""
"https://taxisaudiarabia.com/driver-jobs/khamis-mushait","1","Driver Jobs in Khamis Mushait | Taxi & Chauffeur Jobs — Taxi Saudi Arabia","73","659","Indexable",""
"https://taxisaudiarabia.com/routes/makkah-to-yanbu","1","Taxi Makkah to Yanbu — From SAR 350 | Taxi Saudi Arabia","55","516","Indexable",""
"https://taxisaudiarabia.com/services/car-recovery/jeddah","1","Car Recovery Jeddah | 24/7 Tow Truck & Satha سطحة جدة","53","486","Indexable",""
"https://taxisaudiarabia.com/blog/saudi-riyal-cash-cards-guide-pilgrims","1","Saudi Riyal Guide: Cash & Cards for International Pilgrims | Taxi Saudi Arabia Blog","83","716","Indexable",""
"https://taxisaudiarabia.com/routes/madinah-airport-to-city","1","Taxi Madinah Airport to Madinah City — From SAR 80 | Taxi Saudi Arabia","70","637","Indexable",""
"https://taxisaudiarabia.com/routes/riyadh-to-madinah","1","Taxi Riyadh to Madinah — From SAR 550 | Taxi Saudi Arabia","57","526","Indexable",""
"https://taxisaudiarabia.com/fleet/toyota-camry","1","Toyota Camry Taxi Saudi Arabia | Executive Sedan Transfer | Taxi Saudi Arabia","77","690","Indexable",""
"https://taxisaudiarabia.com/driver-jobs/dhahran","1","Driver Jobs in Dhahran | Taxi & Chauffeur Jobs — Taxi Saudi Arabia","66","591","Indexable",""
"https://taxisaudiarabia.com/routes/alkhobar-to-manama","1","Taxi Al Khobar to Manama, Bahrain — From SAR 180 | Taxi Saudi Arabia","68","631","Indexable",""
"https://taxisaudiarabia.com/blog/madinah-to-makkah-taxi-price-distance-time","1","Madinah to Makkah Taxi: Price, Distance & Travel Time (2026 Guide) | Taxi Saudi Arabia Blog","91","816","Indexable",""
"https://taxisaudiarabia.com/fleet/mercedes-sprinter","1","Mercedes Sprinter Taxi Saudi Arabia | Corporate Van Transfer | Taxi Saudi Arabia","80","711","Indexable",""
"https://taxisaudiarabia.com/blog/madinah-taxi-fares-cost-guide","1","Madinah Taxi Fares 2026: Airport, Makkah & Ziyarat Costs | Taxi Saudi Arabia Blog","81","723","Indexable",""
"https://taxisaudiarabia.com/blog/makkah-to-madinah-taxi-journey-expectations","1","Makkah to Madinah Taxi: What to Expect on the 450km Journey | Taxi Saudi Arabia Blog","84","777","Indexable",""
"https://taxisaudiarabia.com/routes/riyadh-airport-to-city","1","Taxi Riyadh Airport to Riyadh City — From SAR 100 | Taxi Saudi Arabia","69","612","Indexable",""
"https://taxisaudiarabia.com/routes/abha-airport-to-soudah","1","Taxi Abha Airport to Soudah — From SAR 150 | Taxi Saudi Arabia","62","569","Indexable",""
"https://taxisaudiarabia.com/blog/car-towing-cost-saudi-arabia-2026","1","How Much Does Car Towing Cost in Saudi Arabia? 2026 Satha Price Guide | Taxi Saudi Arabia Blog","94","869","Indexable",""
"https://taxisaudiarabia.com/fleet/toyota-coaster","1","Toyota Coaster Taxi Saudi Arabia | Corporate Bus Transfer | Taxi Saudi Arabia","77","683","Indexable",""
"https://taxisaudiarabia.com/blog/jeddah-taxi-fares-cost-guide","1","Jeddah Taxi Fares 2026: How Much Does a Taxi Cost? | Taxi Saudi Arabia Blog","75","693","Indexable",""
"https://taxisaudiarabia.com/routes/jeddah-to-neom","1","Taxi Jeddah to NEOM — From SAR 1100 | Taxi Saudi Arabia","55","524","Indexable",""
"https://taxisaudiarabia.com/fleet/ford-taurus","1","Ford Taurus 2025 Taxi Saudi Arabia | Business Sedan Transfer | Taxi Saudi Arabia","80","719","Indexable",""
"https://taxisaudiarabia.com/routes/madinah-to-riyadh","1","Taxi Madinah to Riyadh — From SAR 550 | Taxi Saudi Arabia","57","526","Indexable",""
"https://taxisaudiarabia.com/services/car-recovery/makkah","1","Car Recovery Makkah | 24/7 Tow Truck & Satha سطحة مكة","53","489","Indexable",""
"https://taxisaudiarabia.com/routes/madinah-to-makkah","1","Taxi Madinah to Makkah — From SAR 350 | Taxi Saudi Arabia","57","537","Indexable",""
"https://taxisaudiarabia.com/driver-jobs/tabuk","1","Driver Jobs in Tabuk | Taxi & Chauffeur Jobs — Taxi Saudi Arabia","64","571","Indexable",""
"https://taxisaudiarabia.com/routes/riyadh-to-manama","1","Taxi Riyadh to Manama, Bahrain — From SAR 600 | Taxi Saudi Arabia","65","603","Indexable",""
"https://taxisaudiarabia.com/routes/makkah-to-jeddah-airport","1","Taxi Makkah to Jeddah Airport — From SAR 180 | Taxi Saudi Arabia","64","591","Indexable",""
"https://taxisaudiarabia.com/fleet/bmw-7-series","1","BMW 7 Series Taxi Saudi Arabia | Executive Luxury Transfer | Taxi Saudi Arabia","78","693","Indexable",""
"https://taxisaudiarabia.com/blog/alula-travel-guide-hegra-dadan-transport","1","AlUla Travel Guide: Hegra, Dadan & How to Get There | Taxi Saudi Arabia Blog","76","679","Indexable",""
"https://taxisaudiarabia.com/routes/madinah-to-tabuk","1","Taxi Madinah to Tabuk — From SAR 500 | Taxi Saudi Arabia","56","522","Indexable",""
"https://taxisaudiarabia.com/services/car-recovery/madinah","1","Car Recovery Madinah | 24/7 Tow Truck & Satha سطحة المدينة","58","531","Indexable",""
"https://taxisaudiarabia.com/fleet/luxury-bus","1","Luxurious Bus Taxi Saudi Arabia | Large Groups Transfer | Taxi Saudi Arabia","75","665","Indexable",""
"https://taxisaudiarabia.com/routes/dammam-to-kuwait","1","Taxi Dammam to Kuwait City — From SAR 600 | Taxi Saudi Arabia","61","576","Indexable",""
"https://taxisaudiarabia.com/fleet/cadillac-escalade","1","Cadillac Escalade Taxi Saudi Arabia | Elite SUV Transfer | Taxi Saudi Arabia","76","655","Indexable",""
"https://taxisaudiarabia.com/routes/jeddah-to-yanbu","1","Taxi Jeddah to Yanbu — From SAR 300 | Taxi Saudi Arabia","55","513","Indexable",""
"https://taxisaudiarabia.com/routes/riyadh-to-hail","1","Taxi Riyadh to Hail — From SAR 450 | Taxi Saudi Arabia","54","483","Indexable",""
"https://taxisaudiarabia.com/blog/complete-miqat-locations-guide-umrah-pilgrims","1","Complete Miqat Locations Guide for Umrah Pilgrims | Taxi Saudi Arabia Blog","74","671","Indexable",""
"https://taxisaudiarabia.com/routes/makkah-to-jeddah","1","Taxi Makkah to Jeddah — From SAR 150 | Taxi Saudi Arabia","56","526","Indexable",""
"https://taxisaudiarabia.com/driver-jobs/abha","1","Driver Jobs in Abha | Taxi & Chauffeur Jobs — Taxi Saudi Arabia","63","562","Indexable",""
"https://taxisaudiarabia.com/blog/what-is-a-satha-flatbed-tow-truck","1","What Is a Satha (سطحة)? Flatbed Tow Trucks in Saudi Arabia Explained | Taxi Saudi Arabia Blog","93","821","Indexable",""
"https://taxisaudiarabia.com/routes/riyadh-to-neom","1","Taxi Riyadh to NEOM — From SAR 1500 | Taxi Saudi Arabia","55","517","Indexable",""
"https://taxisaudiarabia.com/driver-jobs/najran","1","Driver Jobs in Najran | Taxi & Chauffeur Jobs — Taxi Saudi Arabia","65","573","Indexable",""
"https://taxisaudiarabia.com/fleet/mercedes-vito","1","Mercedes Vito Taxi Saudi Arabia | Business Van Transfer | Taxi Saudi Arabia","75","668","Indexable",""
"https://taxisaudiarabia.com/routes/riyadh-to-alula","1","Taxi Riyadh to AlUla — From SAR 1000 | Taxi Saudi Arabia","56","506","Indexable",""
"https://taxisaudiarabia.com/driver-jobs/makkah","1","Driver Jobs in Makkah | Taxi & Chauffeur Jobs — Taxi Saudi Arabia","65","585","Indexable",""
"https://taxisaudiarabia.com/blog/jeddah-airport-to-makkah-complete-taxi-guide-2025","1","Jeddah Airport to Makkah: Complete Taxi Guide 2025 | Taxi Saudi Arabia Blog","75","685","Indexable",""
"https://taxisaudiarabia.com/blog/flatbed-vs-hook-towing-automatic-cars","1","Flatbed vs Hook Towing: Which Is Safe for Your Automatic Car? | Taxi Saudi Arabia Blog","86","773","Indexable",""
"https://taxisaudiarabia.com/routes/taif-to-albaha","1","Taxi Taif to Al Baha — From SAR 300 | Taxi Saudi Arabia","55","491","Indexable",""
"https://taxisaudiarabia.com/routes/jeddah-to-alula","1","Taxi Jeddah to AlUla — From SAR 800 | Taxi Saudi Arabia","55","502","Indexable",""
"https://taxisaudiarabia.com/routes/madinah-to-yanbu","1","Taxi Madinah to Yanbu — From SAR 200 | Taxi Saudi Arabia","56","523","Indexable",""
"https://taxisaudiarabia.com/driver-jobs/al-ahsa","1","Driver Jobs in Al-Ahsa | Taxi & Chauffeur Jobs — Taxi Saudi Arabia","66","584","Indexable",""
"https://taxisaudiarabia.com/fleet/mercedes-s-class","1","Mercedes S-Class Taxi Saudi Arabia | Ultra Luxury Transfer | Taxi Saudi Arabia","78","684","Indexable",""
"https://taxisaudiarabia.com/services/car-recovery/dammam","1","Car Recovery Dammam | 24/7 Tow Truck & Satha سطحة الدمام","56","532","Indexable",""
"https://taxisaudiarabia.com/routes/riyadh-to-alkhobar","1","Taxi Riyadh to Al Khobar — From SAR 320 | Taxi Saudi Arabia","59","535","Indexable",""
"https://taxisaudiarabia.com/driver-jobs/khobar","1","Driver Jobs in Al Khobar | Taxi & Chauffeur Jobs — Taxi Saudi Arabia","68","602","Indexable",""
"https://taxisaudiarabia.com/fleet/gmc-yukon-xl","1","GMC Yukon XL / Denali Taxi Saudi Arabia | Premium SUV Transfer | Taxi Saudi Arabia","82","748","Indexable",""
"https://taxisaudiarabia.com/driver-jobs/yanbu","1","Driver Jobs in Yanbu | Taxi & Chauffeur Jobs — Taxi Saudi Arabia","64","572","Indexable",""
"https://taxisaudiarabia.com/routes/madinah-to-taif","1","Taxi Madinah to Taif — From SAR 400 | Taxi Saudi Arabia","55","501","Indexable",""
"https://taxisaudiarabia.com/routes/jeddah-to-makkah","1","Taxi Jeddah City to Makkah — From SAR 150 | Taxi Saudi Arabia","61","565","Indexable",""
"https://taxisaudiarabia.com/blog/neom-the-line-visiting-saudi-arabia-city-of-future","1","NEOM & The Line: Visiting Saudi Arabia's City of the Future | Taxi Saudi Arabia Blog","84","730","Indexable",""
"https://taxisaudiarabia.com/chauffeur-jobs/dhahran","1","Chauffeur Jobs in Dhahran | VIP & Corporate Chauffeur — Taxi Saudi Arabia","73","665","Indexable",""
"https://taxisaudiarabia.com/chauffeur-jobs/jubail","1","Chauffeur Jobs in Jubail | VIP & Corporate Chauffeur — Taxi Saudi Arabia","72","644","Indexable",""
"https://taxisaudiarabia.com/taxi-driver-jobs/riyadh","1","Taxi Driver Jobs in Riyadh | Apply Today — Taxi Saudi Arabia","60","529","Indexable",""
"https://taxisaudiarabia.com/chauffeur-jobs/abha","1","Chauffeur Jobs in Abha | VIP & Corporate Chauffeur — Taxi Saudi Arabia","70","637","Indexable",""
"https://taxisaudiarabia.com/taxi-driver-jobs/madinah","1","Taxi Driver Jobs in Madinah | Apply Today — Taxi Saudi Arabia","61","547","Indexable",""
"https://taxisaudiarabia.com/airports/king-khalid-riyadh","1","Taxi from King Khalid International Airport (RUH) | Taxi Saudi Arabia","69","595","Indexable",""
"https://taxisaudiarabia.com/chauffeur-jobs/hail","1","Chauffeur Jobs in Hail | VIP & Corporate Chauffeur — Taxi Saudi Arabia","70","624","Indexable",""
"https://taxisaudiarabia.com/taxi-driver-jobs/jeddah","1","Taxi Driver Jobs in Jeddah | Apply Today — Taxi Saudi Arabia","60","537","Indexable",""
"https://taxisaudiarabia.com/taxi-driver-jobs/dammam","1","Taxi Driver Jobs in Dammam | Apply Today — Taxi Saudi Arabia","60","557","Indexable",""
"https://taxisaudiarabia.com/services/hajj-transport","1","Hajj Transport Services | Jeddah, Makkah & Madinah Transfers","60","553","Indexable",""
"https://taxisaudiarabia.com/chauffeur-jobs/jeddah","1","Chauffeur Jobs in Jeddah | VIP & Corporate Chauffeur — Taxi Saudi Arabia","72","657","Indexable",""
"https://taxisaudiarabia.com/taxi-driver-jobs/najran","1","Taxi Driver Jobs in Najran | Apply Today — Taxi Saudi Arabia","60","528","Indexable",""
"https://taxisaudiarabia.com/taxi-driver-jobs/al-ahsa","1","Taxi Driver Jobs in Al-Ahsa | Apply Today — Taxi Saudi Arabia","61","539","Indexable",""
"https://taxisaudiarabia.com/taxi-driver-jobs/tabuk","1","Taxi Driver Jobs in Tabuk | Apply Today — Taxi Saudi Arabia","59","525","Indexable",""
"https://taxisaudiarabia.com/chauffeur-jobs/al-qassim","1","Chauffeur Jobs in Al-Qassim | VIP & Corporate Chauffeur — Taxi Saudi Arabia","75","680","Indexable",""
"https://taxisaudiarabia.com/taxi-driver-jobs/jubail","1","Taxi Driver Jobs in Jubail | Apply Today — Taxi Saudi Arabia","60","524","Indexable",""
"https://taxisaudiarabia.com/chauffeur-jobs/al-ahsa","1","Chauffeur Jobs in Al-Ahsa | VIP & Corporate Chauffeur — Taxi Saudi Arabia","73","659","Indexable",""
"https://taxisaudiarabia.com/chauffeur-jobs/riyadh","1","Chauffeur Jobs in Riyadh | VIP & Corporate Chauffeur — Taxi Saudi Arabia","72","649","Indexable",""
"https://taxisaudiarabia.com/chauffeur-jobs/khobar","1","Chauffeur Jobs in Al Khobar | VIP & Corporate Chauffeur — Taxi Saudi Arabia","75","677","Indexable",""
"https://taxisaudiarabia.com/taxi-driver-jobs/makkah","1","Taxi Driver Jobs in Makkah | Apply Today — Taxi Saudi Arabia","60","540","Indexable",""
"https://taxisaudiarabia.com/taxi-driver-jobs/khobar","1","Taxi Driver Jobs in Al Khobar | Apply Today — Taxi Saudi Arabia","63","557","Indexable",""
"https://taxisaudiarabia.com/chauffeur-jobs/khamis-mushait","1","Chauffeur Jobs in Khamis Mushait | VIP & Corporate Chauffeur — Taxi Saudi Arabia","80","733","Indexable",""
"https://taxisaudiarabia.com/taxi-driver-jobs/buraidah","1","Taxi Driver Jobs in Buraidah | Apply Today — Taxi Saudi Arabia","62","549","Indexable",""
"https://taxisaudiarabia.com/chauffeur-jobs/taif","1","Chauffeur Jobs in Taif | VIP & Corporate Chauffeur — Taxi Saudi Arabia","70","624","Indexable",""
"https://taxisaudiarabia.com/taxi-driver-jobs/dhahran","1","Taxi Driver Jobs in Dhahran | Apply Today — Taxi Saudi Arabia","61","545","Indexable",""
"https://taxisaudiarabia.com/chauffeur-jobs/makkah","1","Chauffeur Jobs in Makkah | VIP & Corporate Chauffeur — Taxi Saudi Arabia","72","660","Indexable",""
"https://taxisaudiarabia.com/taxi-driver-jobs/abha","1","Taxi Driver Jobs in Abha | Apply Today — Taxi Saudi Arabia","58","517","Indexable",""
"https://taxisaudiarabia.com/taxi-driver-jobs/hail","1","Taxi Driver Jobs in Hail | Apply Today — Taxi Saudi Arabia","58","504","Indexable",""
"https://taxisaudiarabia.com/chauffeur-jobs/najran","1","Chauffeur Jobs in Najran | VIP & Corporate Chauffeur — Taxi Saudi Arabia","72","648","Indexable",""
"https://taxisaudiarabia.com/chauffeur-jobs/dammam","1","Chauffeur Jobs in Dammam | VIP & Corporate Chauffeur — Taxi Saudi Arabia","72","677","Indexable",""
"https://taxisaudiarabia.com/taxi-driver-jobs/khamis-mushait","1","Taxi Driver Jobs in Khamis Mushait | Apply Today — Taxi Saudi Arabia","68","613","Indexable",""
"https://taxisaudiarabia.com/chauffeur-jobs/tabuk","1","Chauffeur Jobs in Tabuk | VIP & Corporate Chauffeur — Taxi Saudi Arabia","71","645","Indexable",""
"https://taxisaudiarabia.com/chauffeur-jobs/buraidah","1","Chauffeur Jobs in Buraidah | VIP & Corporate Chauffeur — Taxi Saudi Arabia","74","669","Indexable",""
"https://taxisaudiarabia.com/taxi-driver-jobs/yanbu","1","Taxi Driver Jobs in Yanbu | Apply Today — Taxi Saudi Arabia","59","527","Indexable",""
"https://taxisaudiarabia.com/chauffeur-jobs/yanbu","1","Chauffeur Jobs in Yanbu | VIP & Corporate Chauffeur — Taxi Saudi Arabia","71","647","Indexable",""
"https://taxisaudiarabia.com/airports/prince-mohammad-madinah","1","Taxi from Prince Mohammad Bin Abdulaziz Airport (MED) | Taxi Saudi Arabia","73","676","Indexable",""
"https://taxisaudiarabia.com/taxi-driver-jobs/taif","1","Taxi Driver Jobs in Taif | Apply Today — Taxi Saudi Arabia","58","504","Indexable",""
"https://taxisaudiarabia.com/taxi-driver-jobs/al-qassim","1","Taxi Driver Jobs in Al-Qassim | Apply Today — Taxi Saudi Arabia","63","560","Indexable",""
"https://taxisaudiarabia.com/chauffeur-jobs/madinah","1","Chauffeur Jobs in Madinah | VIP & Corporate Chauffeur — Taxi Saudi Arabia","73","667","Indexable",""
"https://taxisaudiarabia.com/taxi-driver-jobs","1","Taxi Driver Jobs in Saudi Arabia | Apply Today — Taxi Saudi Arabia","66","582","Indexable",""
"https://taxisaudiarabia.com/chauffeur-jobs","1","Chauffeur Jobs in Saudi Arabia | VIP & Corporate Driving — Taxi Saudi Arabia","76","675","Indexable",""
